{"cameraMode":{"drawMode":0,"name":"Shaded","section":"Shading Mode"},"sceneLighting":false,"audioPlay":false,"sceneViewState":{"showFog":false,"showMaterialUpdate":false,"showSkybox":false,"showFlares":true,"showImageEffects":true,"showParticleSystems":true},"in2DMode":false,"pivot":{"x":48.11647033691406,"y":9.808574676513672,"z":54.88945770263672},"rotation":{"x":0.39455172419548037,"y":0.3891530930995941,"z":-0.18942216038703919,"w":0.8105647563934326},"size":29.50069808959961,"orthographic":false}