{"cameraMode":{"drawMode":0,"name":"Shaded","section":"Shading Mode"},"sceneLighting":false,"audioPlay":false,"sceneViewState":{"showFog":false,"showMaterialUpdate":false,"showSkybox":false,"showFlares":true,"showImageEffects":true,"showParticleSystems":true},"in2DMode":false,"pivot":{"x":6.300000190734863,"y":17.170000076293947,"z":11.96500015258789},"rotation":{"x":0.08781081438064575,"y":-0.7143481373786926,"z":0.0911383256316185,"w":0.6882539987564087},"size":8.282526016235352,"orthographic":false}