{"cameraMode":{"drawMode":0,"name":"Shaded","section":"Shading Mode"},"sceneLighting":false,"audioPlay":false,"sceneViewState":{"showFog":false,"showMaterialUpdate":false,"showSkybox":false,"showFlares":true,"showImageEffects":true,"showParticleSystems":true},"in2DMode":false,"pivot":{"x":31.800003051757814,"y":76.0411148071289,"z":12.09999942779541},"rotation":{"x":-0.08710040897130966,"y":0.8852996826171875,"z":-0.41786372661590578,"w":-0.1845340132713318},"size":254.89381408691407,"orthographic":false}