{"cameraMode":{"drawMode":0,"name":"Shaded","section":"Shading Mode"},"sceneLighting":true,"audioPlay":false,"sceneViewState":{"showFog":false,"showMaterialUpdate":false,"showSkybox":true,"showFlares":true,"showImageEffects":true,"showParticleSystems":true},"in2DMode":false,"pivot":{"x":50.35719680786133,"y":0.3412081003189087,"z":1.7465710639953614},"rotation":{"x":0.06446926295757294,"y":-0.5599589347839356,"z":0.04376533254981041,"w":0.8248493671417236},"size":-14.351297378540039,"orthographic":false}