{"cameraMode":{"drawMode":0,"name":"Shaded","section":"Shading Mode"},"sceneLighting":false,"audioPlay":false,"sceneViewState":{"showFog":false,"showMaterialUpdate":false,"showSkybox":false,"showFlares":true,"showImageEffects":true,"showParticleSystems":true},"in2DMode":false,"pivot":{"x":63.362552642822269,"y":137.05433654785157,"z":-152.539794921875},"rotation":{"x":0.08781081438064575,"y":-0.7143481373786926,"z":0.0911383256316185,"w":0.6882539987564087},"size":5.640413761138916,"orthographic":false}