{"cameraMode":{"drawMode":0,"name":"Shaded","section":"Shading Mode"},"sceneLighting":false,"audioPlay":false,"sceneViewState":{"showFog":false,"showMaterialUpdate":false,"showSkybox":false,"showFlares":true,"showImageEffects":true,"showParticleSystems":true},"in2DMode":false,"pivot":{"x":3.1999998092651369,"y":68.99999237060547,"z":21.799999237060548},"rotation":{"x":0.18393543362617494,"y":-0.4917515218257904,"z":0.10712817311286926,"w":0.8443140983581543},"size":220.13894653320313,"orthographic":true}