{"cameraMode":{"drawMode":0,"name":"Shaded","section":"Shading Mode"},"sceneLighting":false,"audioPlay":false,"sceneViewState":{"showFog":false,"showMaterialUpdate":false,"showSkybox":false,"showFlares":true,"showImageEffects":true,"showParticleSystems":true},"in2DMode":false,"pivot":{"x":61.0,"y":68.99999237060547,"z":8.19999885559082},"rotation":{"x":0.24513830244541169,"y":0.09926281869411469,"z":-0.02524098940193653,"w":0.9640599489212036},"size":220.13894653320313,"orthographic":true}