{"cameraMode":{"drawMode":0,"name":"Shaded","section":"Shading Mode"},"sceneLighting":false,"audioPlay":false,"sceneViewState":{"showFog":false,"showMaterialUpdate":false,"showSkybox":false,"showFlares":true,"showImageEffects":true,"showParticleSystems":true},"in2DMode":false,"pivot":{"x":89.35523986816406,"y":106.51640319824219,"z":-27.783897399902345},"rotation":{"x":0.042551569640636447,"y":-0.4915124177932739,"z":0.024051852524280549,"w":0.8695007562637329},"size":106.00433349609375,"orthographic":false}