{"cameraMode":{"drawMode":0,"name":"Shaded","section":"Shading Mode"},"sceneLighting":false,"audioPlay":false,"sceneViewState":{"showFog":false,"showMaterialUpdate":false,"showSkybox":false,"showFlares":true,"showImageEffects":true,"showParticleSystems":true},"in2DMode":false,"pivot":{"x":61.06255340576172,"y":45.45183181762695,"z":8.160198211669922},"rotation":{"x":0.06490398943424225,"y":-0.5951569080352783,"z":0.04831315204501152,"w":0.7995274662971497},"size":135.56027221679688,"orthographic":false}