{"cameraMode":{"drawMode":0,"name":"Shaded","section":"Shading Mode"},"sceneLighting":false,"audioPlay":false,"sceneViewState":{"showFog":false,"showMaterialUpdate":false,"showSkybox":false,"showFlares":true,"showImageEffects":true,"showParticleSystems":true},"in2DMode":false,"pivot":{"x":3.1999998092651369,"y":68.99999237060547,"z":21.799999237060548},"rotation":{"x":0.35709139704704287,"y":0.18455970287322999,"z":-0.07220029085874558,"w":0.9128067493438721},"size":220.13894653320313,"orthographic":true}