{"cameraMode":{"drawMode":0,"name":"Shaded","section":"Shading Mode"},"sceneLighting":true,"audioPlay":false,"sceneViewState":{"showFog":false,"showMaterialUpdate":false,"showSkybox":true,"showFlares":true,"showImageEffects":true,"showParticleSystems":true},"in2DMode":false,"pivot":{"x":-27.141115188598634,"y":40.1005859375,"z":8.821136474609375},"rotation":{"x":-0.008093993179500103,"y":0.9845338463783264,"z":-0.1684952825307846,"w":-0.04729396477341652},"size":123.90274047851563,"orthographic":false}