{"cameraMode":{"drawMode":0,"name":"Shaded","section":"Shading Mode"},"sceneLighting":true,"audioPlay":false,"sceneViewState":{"showFog":false,"showMaterialUpdate":false,"showSkybox":true,"showFlares":true,"showImageEffects":true,"showParticleSystems":true},"in2DMode":false,"pivot":{"x":-36.58414840698242,"y":6.268466472625732,"z":3.0404601097106935},"rotation":{"x":0.011067686602473259,"y":-0.5128150582313538,"z":0.006623422726988792,"w":0.8584238290786743},"size":11.738316535949707,"orthographic":false}