{"cameraMode":{"drawMode":0,"name":"Shaded","section":"Shading Mode"},"sceneLighting":false,"audioPlay":false,"sceneViewState":{"showFog":false,"showMaterialUpdate":false,"showSkybox":false,"showFlares":true,"showImageEffects":true,"showParticleSystems":true},"in2DMode":false,"pivot":{"x":61.0,"y":68.99999237060547,"z":8.19999885559082},"rotation":{"x":0.31148549914360049,"y":0.23117399215698243,"z":-0.07840936630964279,"w":0.9183585047721863},"size":2011.6029052734375,"orthographic":true}