{"cameraMode":{"drawMode":0,"name":"Shaded","section":"Shading Mode"},"sceneLighting":false,"audioPlay":false,"sceneViewState":{"showFog":false,"showMaterialUpdate":false,"showSkybox":false,"showFlares":true,"showImageEffects":true,"showParticleSystems":true},"in2DMode":false,"pivot":{"x":-14.591011047363282,"y":-9.125642776489258,"z":-12.825993537902832},"rotation":{"x":0.08781081438064575,"y":-0.7143481373786926,"z":0.0911383256316185,"w":0.6882539987564087},"size":364.2820739746094,"orthographic":false}